,tmean,tstart,tstop,size_mean,size_max,num_bursts,burst_width,burst_width_high,phrate_mean
0,-810.0,-900.0,-720.0,144.99,615.3,576,4.0,3.78,225058.7
1,-800.0,-890.0,-710.0,143.86,615.3,560,4.02,3.79,220460.5
2,-790.0,-880.0,-700.0,142.5,615.3,550,4.02,3.71,216329.3
3,-780.0,-870.0,-690.0,143.87,615.3,531,4.07,3.7,215116.5
4,-770.0,-860.0,-680.0,142.38,609.0,526,4.05,3.61,216091.4
5,-760.0,-850.0,-670.0,143.2,788.0,535,4.04,3.55,213042.4
6,-750.0,-840.0,-660.0,142.22,788.0,531,4.05,3.47,210844.0
7,-740.0,-830.0,-650.0,144.17,788.0,526,4.06,3.44,214256.4
8,-730.0,-820.0,-640.0,146.41,788.0,508,4.08,3.5,218094.3
9,-720.0,-810.0,-630.0,145.14,788.0,562,4.05,3.61,218452.2
10,-710.0,-800.0,-620.0,146.91,788.0,564,4.06,3.63,222320.2
11,-700.0,-790.0,-610.0,146.79,788.0,538,4.08,3.61,218932.9
12,-690.0,-780.0,-600.0,145.7,788.0,520,4.05,3.47,218107.1
13,-680.0,-770.0,-590.0,145.11,788.0,536,4.06,3.5,214302.7
14,-670.0,-760.0,-580.0,144.17,788.0,552,4.03,3.45,214570.0
15,-660.0,-750.0,-570.0,145.23,788.0,537,4.06,3.29,215428.5
16,-650.0,-740.0,-560.0,145.86,788.0,551,4.06,3.29,214973.7
17,-640.0,-730.0,-550.0,146.42,788.0,555,4.08,3.3,215126.7
18,-630.0,-720.0,-540.0,145.65,788.0,568,4.03,3.24,217433.9
19,-620.0,-710.0,-530.0,146.48,788.0,590,4.02,3.23,223041.1
20,-610.0,-700.0,-520.0,146.89,788.0,610,4.02,3.25,225620.3
21,-600.0,-690.0,-510.0,147.16,788.0,595,4.0,3.25,226853.6
22,-590.0,-680.0,-500.0,148.35,788.0,593,4.04,3.31,227473.5
23,-580.0,-670.0,-490.0,146.17,732.3,579,4.02,3.34,228963.3
24,-570.0,-660.0,-480.0,147.87,1083.7,581,4.02,3.41,235095.6
25,-560.0,-650.0,-470.0,146.05,1083.7,586,4.01,3.54,230107.2
26,-550.0,-640.0,-460.0,145.32,1083.7,594,4.0,3.46,229177.3
27,-540.0,-630.0,-450.0,146.04,1083.7,543,4.01,3.32,229293.1
28,-530.0,-620.0,-440.0,144.82,1083.7,556,3.98,3.32,227226.8
29,-520.0,-610.0,-430.0,143.81,1083.7,567,3.96,3.29,228072.2
30,-510.0,-600.0,-420.0,144.58,1083.7,577,3.97,3.42,227296.4
31,-500.0,-590.0,-410.0,145.07,1083.7,570,3.97,3.41,230074.2
32,-490.0,-580.0,-400.0,149.12,1083.7,563,4.01,3.52,234331.3
33,-480.0,-570.0,-390.0,148.0,1083.7,564,4.0,3.59,233132.1
34,-470.0,-560.0,-380.0,148.65,1083.7,569,4.0,3.58,234927.1
35,-460.0,-550.0,-370.0,146.26,1083.7,545,3.97,3.61,233077.4
36,-450.0,-540.0,-360.0,146.48,1083.7,542,4.0,3.63,234118.9
37,-440.0,-530.0,-350.0,144.65,1083.7,534,3.98,3.64,228771.9
38,-430.0,-520.0,-340.0,144.68,1083.7,519,3.99,3.57,227714.4
39,-420.0,-510.0,-330.0,144.26,1083.7,530,4.0,3.58,226515.8
40,-410.0,-500.0,-320.0,146.67,1083.7,533,3.99,3.58,230753.9
41,-400.0,-490.0,-310.0,147.39,1083.7,518,4.0,3.57,230698.6
42,-390.0,-480.0,-300.0,145.05,789.4,513,3.97,3.55,225918.6
43,-380.0,-470.0,-290.0,145.48,789.4,506,3.98,3.42,229107.6
44,-370.0,-460.0,-280.0,145.8,789.4,525,3.98,3.43,228139.0
45,-360.0,-450.0,-270.0,146.26,789.4,520,3.99,3.37,229516.0
46,-350.0,-440.0,-260.0,144.68,789.4,513,3.98,3.34,227175.7
47,-340.0,-430.0,-250.0,145.36,789.4,504,3.98,3.36,227357.4
48,-330.0,-420.0,-240.0,144.85,789.4,503,4.0,3.31,223954.8
49,-320.0,-410.0,-230.0,145.93,789.4,488,4.01,3.34,225039.5
50,-310.0,-400.0,-220.0,141.03,789.4,496,3.94,3.31,218729.7
51,-300.0,-390.0,-210.0,139.79,789.4,521,3.92,3.25,214375.6
52,-290.0,-380.0,-200.0,139.97,789.4,514,3.93,3.26,215550.9
53,-280.0,-370.0,-190.0,141.22,789.4,526,3.94,3.25,215099.1
54,-270.0,-360.0,-180.0,138.86,789.4,531,3.88,3.16,210771.1
55,-260.0,-350.0,-170.0,140.16,789.4,518,3.9,3.12,213453.2
56,-250.0,-340.0,-160.0,139.92,789.4,518,3.86,3.12,211994.6
57,-240.0,-330.0,-150.0,139.57,789.4,521,3.83,3.13,213651.5
58,-230.0,-320.0,-140.0,138.27,659.4,512,3.81,3.15,209950.9
59,-220.0,-310.0,-130.0,139.83,862.9,527,3.83,3.12,212152.7
60,-210.0,-300.0,-120.0,139.66,862.9,539,3.81,3.11,210448.0
61,-200.0,-290.0,-110.0,139.75,862.9,539,3.82,3.15,209010.6
62,-190.0,-280.0,-100.0,140.41,862.9,527,3.84,3.18,210385.7
63,-180.0,-270.0,-90.0,140.79,862.9,546,3.84,3.16,210349.9
64,-170.0,-260.0,-80.0,141.35,862.9,545,3.85,3.17,210619.1
65,-160.0,-250.0,-70.0,143.44,932.2,550,3.89,3.19,211629.4
66,-150.0,-240.0,-60.0,141.93,932.2,550,3.88,3.23,211540.4
67,-140.0,-230.0,-50.0,141.43,932.2,561,3.89,3.2,211653.2
68,-130.0,-220.0,-40.0,141.17,932.2,556,3.9,3.19,211870.2
69,-120.0,-210.0,-30.0,145.67,932.2,542,3.96,3.27,215981.0
70,-110.0,-200.0,-20.0,144.31,932.2,539,3.96,3.25,213495.8
71,-100.0,-190.0,-10.0,143.91,932.2,546,3.94,3.31,217151.1
72,-90.0,-180.0,0.0,145.32,932.2,549,3.98,3.33,216378.7
73,-80.0,-170.0,10.0,143.92,932.2,542,3.94,3.34,214541.5
74,-70.0,-160.0,20.0,144.26,932.2,510,3.96,3.38,216583.7
75,-60.0,-150.0,30.0,145.48,932.2,486,3.97,3.36,217655.1
76,-50.0,-140.0,40.0,142.68,932.2,471,3.93,3.23,215775.1
77,-40.0,-130.0,50.0,140.38,932.2,458,3.86,3.17,213848.2
78,-30.0,-120.0,60.0,142.85,932.2,446,3.79,3.12,231266.6
79,-20.0,-110.0,70.0,140.81,932.2,447,3.71,3.07,233063.7
80,-10.0,-100.0,80.0,140.2,932.2,426,3.62,3.06,237531.1
81,0.0,-90.0,90.0,138.88,932.2,400,3.57,3.08,238742.7
82,10.0,-80.0,100.0,141.01,932.2,381,3.55,3.06,245218.7
83,20.0,-70.0,110.0,139.77,736.6,375,3.49,3.06,246413.0
84,30.0,-60.0,120.0,141.47,736.6,359,3.39,2.9,253860.2
85,40.0,-50.0,130.0,141.36,736.6,354,3.29,2.85,256751.3
86,50.0,-40.0,140.0,145.28,736.6,328,3.26,2.78,264806.8
87,60.0,-30.0,150.0,138.8,736.6,312,3.08,2.68,265203.2
88,70.0,-20.0,160.0,140.93,736.6,306,3.03,2.64,272354.0
89,80.0,-10.0,170.0,139.96,736.6,291,2.97,2.61,267409.6
90,90.0,0.0,180.0,138.22,736.6,267,2.82,2.58,272766.9
91,100.0,10.0,190.0,138.37,736.6,264,2.83,2.55,272657.5
92,110.0,20.0,200.0,139.06,736.6,269,2.85,2.59,271887.8
93,120.0,30.0,210.0,138.13,736.6,284,2.87,2.67,267040.4
94,130.0,40.0,220.0,140.28,736.6,284,2.94,2.7,268858.2
95,140.0,50.0,230.0,141.96,736.6,283,3.01,2.75,269414.3
96,150.0,60.0,240.0,138.17,736.6,268,3.06,2.78,248346.3
97,160.0,70.0,250.0,142.17,736.6,268,3.13,2.81,249252.6
98,170.0,80.0,260.0,140.14,606.3,279,3.19,2.85,243046.3
99,180.0,90.0,270.0,140.68,606.3,312,3.21,2.9,246187.3
100,190.0,100.0,280.0,139.04,606.3,309,3.21,2.89,243680.7
101,200.0,110.0,290.0,134.85,498.3,307,3.18,2.87,239187.2
102,210.0,120.0,300.0,135.84,498.3,305,3.24,2.96,237026.8
103,220.0,130.0,310.0,137.04,498.3,294,3.29,3.03,238054.3
104,230.0,140.0,320.0,134.75,498.3,307,3.3,3.07,233638.0
105,240.0,150.0,330.0,134.95,498.3,303,3.31,3.09,234932.5
106,250.0,160.0,340.0,136.04,492.4,301,3.35,3.16,230495.8
107,260.0,170.0,350.0,136.72,492.4,301,3.36,3.15,235771.0
108,270.0,180.0,360.0,136.32,492.4,302,3.4,3.12,232602.7
109,280.0,190.0,370.0,136.59,518.0,319,3.42,3.18,228237.5
110,290.0,200.0,380.0,137.36,518.0,329,3.43,3.19,231224.1
111,300.0,210.0,390.0,137.2,518.0,326,3.44,3.15,231581.5
112,310.0,220.0,400.0,135.15,518.0,331,3.41,3.15,228298.4
113,320.0,230.0,410.0,134.17,518.0,336,3.4,3.13,230392.7
114,330.0,240.0,420.0,133.64,566.7,339,3.42,3.21,227946.1
115,340.0,250.0,430.0,132.0,566.7,326,3.44,3.26,224168.4
116,350.0,260.0,440.0,131.63,566.7,315,3.44,3.26,221273.4
117,360.0,270.0,450.0,132.33,566.7,286,3.48,3.27,217630.2
118,370.0,280.0,460.0,133.55,566.7,288,3.48,3.29,220174.6
119,380.0,290.0,470.0,134.89,566.7,291,3.53,3.33,221713.6
120,390.0,300.0,480.0,134.8,566.7,295,3.56,3.36,221138.3
121,400.0,310.0,490.0,132.69,566.7,290,3.53,3.33,217747.4
122,410.0,320.0,500.0,132.71,566.7,275,3.53,3.3,218336.9
123,420.0,330.0,510.0,136.63,566.7,277,3.57,3.31,226940.8
124,430.0,340.0,520.0,136.81,1105.6,281,3.56,3.34,229959.8
125,440.0,350.0,530.0,134.69,1105.6,285,3.53,3.31,226425.9
126,450.0,360.0,540.0,135.57,1105.6,289,3.56,3.33,228312.6
127,460.0,370.0,550.0,136.22,1105.6,278,3.57,3.3,232228.7
128,470.0,380.0,560.0,135.27,1105.6,277,3.58,3.32,225286.6
129,480.0,390.0,570.0,135.04,1105.6,281,3.58,3.33,226755.3
130,490.0,400.0,580.0,136.14,1105.6,274,3.61,3.34,228535.1
131,500.0,410.0,590.0,136.25,1105.6,267,3.64,3.4,225905.9
132,510.0,420.0,600.0,137.4,1105.6,269,3.66,3.36,228513.0
133,520.0,430.0,610.0,140.94,1105.6,285,3.67,3.34,235862.7
134,530.0,440.0,620.0,141.17,1105.6,285,3.67,3.36,234697.2
135,540.0,450.0,630.0,139.38,1105.6,287,3.64,3.36,233585.2
136,550.0,460.0,640.0,136.96,1105.6,293,3.63,3.39,226756.0
137,560.0,470.0,650.0,137.17,1105.6,294,3.64,3.39,225788.6
138,570.0,480.0,660.0,139.66,1105.6,290,3.67,3.35,227903.5
139,580.0,490.0,670.0,143.44,1105.6,302,3.69,3.39,229710.0
140,590.0,500.0,680.0,143.5,1105.6,318,3.67,3.39,232240.6
141,600.0,510.0,690.0,142.13,1105.6,315,3.68,3.41,226767.5
142,610.0,520.0,700.0,138.6,608.7,311,3.64,3.34,220624.5
143,620.0,530.0,710.0,139.37,608.7,320,3.63,3.33,221532.4
144,630.0,540.0,720.0,144.11,1415.2,308,3.66,3.34,225617.2
145,640.0,550.0,730.0,144.48,1415.2,300,3.66,3.37,227671.6
146,650.0,560.0,740.0,142.98,1415.2,299,3.63,3.34,230299.2
147,660.0,570.0,750.0,143.83,1415.2,297,3.66,3.37,227784.8
148,670.0,580.0,760.0,144.5,1415.2,296,3.68,3.36,228760.4
149,680.0,590.0,770.0,145.27,1415.2,294,3.66,3.36,230612.7
150,690.0,600.0,780.0,146.38,1415.2,285,3.67,3.32,232263.4
151,700.0,610.0,790.0,145.88,1415.2,274,3.67,3.37,230639.0
152,710.0,620.0,800.0,143.71,1415.2,277,3.66,3.39,227576.6
153,720.0,630.0,810.0,144.88,1415.2,275,3.71,3.42,228191.7
154,730.0,640.0,820.0,144.75,1415.2,284,3.7,3.41,229977.8
155,740.0,650.0,830.0,147.82,1415.2,281,3.75,3.48,229829.7
156,750.0,660.0,840.0,145.93,1415.2,283,3.71,3.47,229350.7
157,760.0,670.0,850.0,143.65,1415.2,278,3.67,3.42,229553.5
158,770.0,680.0,860.0,143.48,1415.2,276,3.7,3.43,227319.6
159,780.0,690.0,870.0,144.53,1415.2,280,3.74,3.51,224317.3
160,790.0,700.0,880.0,145.76,1415.2,279,3.77,3.54,228386.0
161,800.0,710.0,890.0,146.49,1415.2,258,3.82,3.71,227550.1
162,810.0,720.0,900.0,140.32,769.3,268,3.82,3.72,223015.3
163,820.0,730.0,910.0,140.32,769.3,266,3.83,3.68,220610.9
164,830.0,740.0,920.0,142.91,769.3,265,3.86,3.72,219518.7
165,840.0,750.0,930.0,143.73,769.3,267,3.88,3.68,221576.9
166,850.0,760.0,940.0,142.87,769.3,271,3.86,3.71,219328.2
167,860.0,770.0,950.0,141.11,769.3,277,3.84,3.64,214131.9
168,870.0,780.0,960.0,138.76,769.3,284,3.78,3.6,214916.9
169,880.0,790.0,970.0,135.05,769.3,286,3.72,3.51,213336.3
170,890.0,800.0,980.0,137.81,769.3,296,3.76,3.56,216535.0
171,900.0,810.0,990.0,138.19,769.3,306,3.76,3.58,216378.9
172,910.0,820.0,1000.0,139.73,769.3,292,3.79,3.59,215548.3
173,920.0,830.0,1010.0,134.87,769.3,287,3.72,3.52,212628.9
174,930.0,840.0,1020.0,133.33,769.3,287,3.71,3.54,214007.9
175,940.0,850.0,1030.0,132.76,769.3,284,3.74,3.54,210260.9
176,950.0,860.0,1040.0,131.63,769.3,283,3.72,3.55,210500.0
177,960.0,870.0,1050.0,128.69,744.3,286,3.64,3.43,208085.0
178,970.0,880.0,1060.0,130.21,744.3,288,3.66,3.46,208417.0
179,980.0,890.0,1070.0,132.48,744.3,291,3.69,3.43,208694.1
180,990.0,900.0,1080.0,134.37,744.3,291,3.67,3.44,209561.4
181,1000.0,910.0,1090.0,134.65,744.3,296,3.68,3.45,209703.4
182,1010.0,920.0,1100.0,134.21,744.3,310,3.64,3.4,209123.5
183,1020.0,930.0,1110.0,132.97,744.3,314,3.62,3.4,208786.2
184,1030.0,940.0,1120.0,133.61,744.3,325,3.63,3.39,209781.5
185,1040.0,950.0,1130.0,133.54,744.3,323,3.63,3.41,212183.7
186,1050.0,960.0,1140.0,134.26,744.3,322,3.66,3.46,208993.9
187,1060.0,970.0,1150.0,133.94,744.3,323,3.67,3.43,207987.5
188,1070.0,980.0,1160.0,131.93,744.3,320,3.64,3.36,207645.5
189,1080.0,990.0,1170.0,133.33,490.1,321,3.71,3.39,207528.5
190,1090.0,1000.0,1180.0,133.63,490.1,314,3.72,3.37,208640.7
191,1100.0,1010.0,1190.0,136.2,490.1,316,3.75,3.39,211940.0
192,1110.0,1020.0,1200.0,135.19,490.1,311,3.74,3.36,207928.1
193,1120.0,1030.0,1210.0,136.29,490.1,310,3.76,3.34,211314.4
194,1130.0,1040.0,1220.0,137.69,678.8,320,3.76,3.31,214609.8
195,1140.0,1050.0,1230.0,136.17,678.8,323,3.77,3.33,215505.2
196,1150.0,1060.0,1240.0,134.64,678.8,329,3.75,3.29,213263.2
197,1160.0,1070.0,1250.0,133.97,678.8,329,3.72,3.3,217151.9
198,1170.0,1080.0,1260.0,133.78,678.8,340,3.73,3.29,217597.3
199,1180.0,1090.0,1270.0,132.71,678.8,342,3.71,3.3,217488.1
200,1190.0,1100.0,1280.0,130.99,678.8,336,3.74,3.34,213852.8
201,1200.0,1110.0,1290.0,130.69,678.8,326,3.74,3.34,211359.2
202,1210.0,1120.0,1300.0,130.25,678.8,321,3.7,3.31,217419.4
203,1220.0,1130.0,1310.0,131.48,678.8,338,3.7,3.31,217842.9
204,1230.0,1140.0,1320.0,131.21,678.8,355,3.67,3.28,217263.2
205,1240.0,1150.0,1330.0,133.98,678.8,364,3.67,3.29,222483.3
206,1250.0,1160.0,1340.0,135.79,678.8,353,3.68,3.29,226653.5
207,1260.0,1170.0,1350.0,133.93,678.8,354,3.59,3.22,230808.6
208,1270.0,1180.0,1360.0,133.16,678.8,359,3.56,3.21,231996.9
209,1280.0,1190.0,1370.0,133.55,678.8,363,3.56,3.2,232280.1
210,1290.0,1200.0,1380.0,132.72,678.8,379,3.55,3.17,228075.2
211,1300.0,1210.0,1390.0,131.19,678.8,381,3.51,3.21,225554.9
212,1310.0,1220.0,1400.0,132.84,612.8,371,3.52,3.21,221571.5
213,1320.0,1230.0,1410.0,132.92,612.8,375,3.48,3.17,225306.7
214,1330.0,1240.0,1420.0,132.51,612.8,376,3.46,3.17,227197.1
215,1340.0,1250.0,1430.0,132.08,612.8,384,3.46,3.17,223467.7
216,1350.0,1260.0,1440.0,131.78,612.8,390,3.44,3.16,224551.9
217,1360.0,1270.0,1450.0,132.49,612.8,403,3.45,3.17,225504.8
218,1370.0,1280.0,1460.0,133.32,612.8,388,3.42,3.15,229690.9
219,1380.0,1290.0,1470.0,134.4,612.8,399,3.43,3.2,230208.3
220,1390.0,1300.0,1480.0,134.83,612.8,412,3.48,3.2,227104.3
221,1400.0,1310.0,1490.0,135.44,612.8,400,3.48,3.23,228930.3
222,1410.0,1320.0,1500.0,136.17,612.8,394,3.5,3.22,229267.6
223,1420.0,1330.0,1510.0,133.69,612.8,398,3.5,3.23,223957.7
224,1430.0,1340.0,1520.0,132.98,612.8,405,3.5,3.25,220552.1
225,1440.0,1350.0,1530.0,132.27,612.8,408,3.49,3.24,214595.6
226,1450.0,1360.0,1540.0,132.13,612.8,419,3.5,3.25,213995.5
227,1460.0,1370.0,1550.0,131.23,612.8,420,3.49,3.25,215917.7
228,1470.0,1380.0,1560.0,132.0,612.8,417,3.47,3.26,221623.7
229,1480.0,1390.0,1570.0,133.39,612.8,427,3.48,3.24,223209.2
230,1490.0,1400.0,1580.0,131.72,491.6,436,3.48,3.24,224960.8
231,1500.0,1410.0,1590.0,132.16,491.6,430,3.5,3.26,220992.4
232,1510.0,1420.0,1600.0,134.17,491.6,448,3.53,3.25,221832.8
233,1520.0,1430.0,1610.0,133.53,491.6,442,3.52,3.25,221363.6
234,1530.0,1440.0,1620.0,132.81,491.6,437,3.49,3.24,220588.4
235,1540.0,1450.0,1630.0,133.89,491.6,427,3.53,3.3,220608.2
236,1550.0,1460.0,1640.0,133.44,491.6,436,3.55,3.32,218303.6
237,1560.0,1470.0,1650.0,133.06,477.1,429,3.53,3.26,218551.6
238,1570.0,1480.0,1660.0,132.65,485.3,424,3.51,3.28,218079.5
239,1580.0,1490.0,1670.0,131.93,485.3,424,3.52,3.27,215356.3
240,1590.0,1500.0,1680.0,135.49,731.9,434,3.57,3.32,219040.4
241,1600.0,1510.0,1690.0,136.68,731.9,434,3.59,3.39,218435.8
242,1610.0,1520.0,1700.0,139.41,731.9,444,3.6,3.37,223981.0
243,1620.0,1530.0,1710.0,142.7,854.8,441,3.65,3.41,227502.7
244,1630.0,1540.0,1720.0,142.24,854.8,442,3.64,3.41,227271.7
245,1640.0,1550.0,1730.0,142.59,854.8,434,3.65,3.42,226121.8
246,1650.0,1560.0,1740.0,144.75,854.8,429,3.68,3.47,226395.7
247,1660.0,1570.0,1750.0,143.81,854.8,424,3.66,3.51,226650.0
248,1670.0,1580.0,1760.0,142.28,854.8,416,3.63,3.49,222488.6
249,1680.0,1590.0,1770.0,145.09,854.8,419,3.67,3.5,224801.0
250,1690.0,1600.0,1780.0,142.96,854.8,411,3.64,3.47,220801.9
251,1700.0,1610.0,1790.0,142.33,854.8,425,3.62,3.45,223014.4
252,1710.0,1620.0,1800.0,143.38,854.8,414,3.64,3.47,221354.0
253,1720.0,1630.0,1810.0,143.81,854.8,427,3.61,3.39,225012.4
254,1730.0,1640.0,1820.0,142.19,854.8,446,3.58,3.37,224913.2
255,1740.0,1650.0,1830.0,141.05,854.8,441,3.57,3.36,224766.1
256,1750.0,1660.0,1840.0,140.59,854.8,439,3.53,3.32,226975.9
257,1760.0,1670.0,1850.0,141.17,854.8,452,3.54,3.33,226073.7
258,1770.0,1680.0,1860.0,137.42,854.8,433,3.48,3.27,223103.9
259,1780.0,1690.0,1870.0,135.73,854.8,432,3.44,3.15,221693.9
260,1790.0,1700.0,1880.0,132.69,854.8,437,3.41,3.15,214372.7
261,1800.0,1710.0,1890.0,131.31,753.4,440,3.38,3.12,212857.1
262,1810.0,1720.0,1900.0,132.69,753.4,429,3.39,3.11,211892.2
263,1820.0,1730.0,1910.0,132.09,753.4,445,3.4,3.08,210834.9
264,1830.0,1740.0,1920.0,129.8,753.4,449,3.37,3.04,208422.3
265,1840.0,1750.0,1930.0,128.57,753.4,457,3.37,3.0,205493.4
266,1850.0,1760.0,1940.0,130.01,753.4,465,3.39,3.05,208142.0
267,1860.0,1770.0,1950.0,127.38,753.4,459,3.37,3.05,205809.8
268,1870.0,1780.0,1960.0,128.58,753.4,448,3.39,3.08,208209.2
269,1880.0,1790.0,1970.0,129.18,753.4,444,3.41,3.05,205201.7
270,1890.0,1800.0,1980.0,128.43,753.4,449,3.38,3.03,206777.3
271,1900.0,1810.0,1990.0,126.79,753.4,438,3.38,3.02,201735.1
272,1910.0,1820.0,2000.0,128.7,753.4,416,3.39,3.01,202972.6
273,1920.0,1830.0,2010.0,128.47,753.4,425,3.4,3.06,202353.9
274,1930.0,1840.0,2020.0,132.38,949.6,436,3.48,3.1,207635.5
275,1940.0,1850.0,2030.0,132.1,949.6,420,3.46,3.05,210273.3
276,1950.0,1860.0,2040.0,131.7,949.6,430,3.46,3.08,210689.9
277,1960.0,1870.0,2050.0,132.43,949.6,425,3.49,3.12,212800.1
278,1970.0,1880.0,2060.0,133.16,949.6,421,3.49,3.17,214206.1
279,1980.0,1890.0,2070.0,134.87,949.6,434,3.52,3.21,222594.3
280,1990.0,1900.0,2080.0,135.04,949.6,445,3.5,3.21,225632.0
281,2000.0,1910.0,2090.0,135.51,949.6,434,3.49,3.22,226766.2
282,2010.0,1920.0,2100.0,136.07,949.6,430,3.5,3.19,229001.5
283,2020.0,1930.0,2110.0,138.05,949.6,419,3.51,3.21,232687.4
284,2030.0,1940.0,2120.0,138.31,949.6,418,3.52,3.17,230034.7
285,2040.0,1950.0,2130.0,138.43,949.6,428,3.51,3.16,230070.7
286,2050.0,1960.0,2140.0,136.79,949.6,433,3.48,3.17,229537.9
287,2060.0,1970.0,2150.0,135.34,949.6,440,3.46,3.17,229781.0
288,2070.0,1980.0,2160.0,138.48,949.6,437,3.51,3.17,230317.3
289,2080.0,1990.0,2170.0,140.61,949.6,439,3.52,3.22,233315.0
290,2090.0,2000.0,2180.0,141.52,949.6,469,3.52,3.24,239876.0
291,2100.0,2010.0,2190.0,143.22,949.6,458,3.56,3.23,240859.3
292,2110.0,2020.0,2200.0,139.99,853.3,447,3.51,3.23,233209.1
293,2120.0,2030.0,2210.0,140.21,853.3,446,3.51,3.23,231978.5
294,2130.0,2040.0,2220.0,141.35,853.3,438,3.52,3.23,232347.4
295,2140.0,2050.0,2230.0,142.21,853.3,439,3.5,3.21,233266.9
296,2150.0,2060.0,2240.0,140.81,853.3,431,3.47,3.17,236209.5
297,2160.0,2070.0,2250.0,136.57,853.3,421,3.42,3.11,228275.6
298,2170.0,2080.0,2260.0,136.4,853.3,415,3.42,3.13,227879.2
299,2180.0,2090.0,2270.0,135.54,853.3,420,3.42,3.14,227497.9
300,2190.0,2100.0,2280.0,134.44,853.3,421,3.42,3.17,224210.8
301,2200.0,2110.0,2290.0,134.89,853.3,452,3.42,3.19,224551.7
302,2210.0,2120.0,2300.0,134.1,853.3,448,3.39,3.19,226018.5
303,2220.0,2130.0,2310.0,135.85,853.3,446,3.39,3.18,230406.5
304,2230.0,2140.0,2320.0,136.45,853.3,436,3.41,3.16,229141.1
305,2240.0,2150.0,2330.0,139.57,853.3,426,3.45,3.22,233521.8
306,2250.0,2160.0,2340.0,136.18,853.3,422,3.39,3.23,235215.3
307,2260.0,2170.0,2350.0,134.89,478.8,421,3.38,3.19,233843.2
308,2270.0,2180.0,2360.0,134.46,771.9,409,3.38,3.21,229356.6
309,2280.0,2190.0,2370.0,135.4,984.4,424,3.37,3.23,230270.7
310,2290.0,2200.0,2380.0,135.46,984.4,422,3.37,3.23,231531.0
311,2300.0,2210.0,2390.0,135.28,984.4,436,3.37,3.23,234068.1
312,2310.0,2220.0,2400.0,134.27,984.4,440,3.36,3.24,232620.5
313,2320.0,2230.0,2410.0,132.9,984.4,441,3.34,3.21,233624.6
314,2330.0,2240.0,2420.0,133.75,984.4,434,3.37,3.23,231352.1
315,2340.0,2250.0,2430.0,136.2,984.4,421,3.42,3.25,231647.9
316,2350.0,2260.0,2440.0,133.49,984.4,434,3.37,3.18,230250.3
317,2360.0,2270.0,2450.0,134.02,984.4,433,3.38,3.22,228414.9
318,2370.0,2280.0,2460.0,133.79,984.4,447,3.37,3.19,226192.1
319,2380.0,2290.0,2470.0,135.66,984.4,432,3.39,3.17,232088.0
320,2390.0,2300.0,2480.0,136.41,984.4,441,3.4,3.19,237090.9
321,2400.0,2310.0,2490.0,135.36,984.4,443,3.4,3.18,236241.7
322,2410.0,2320.0,2500.0,134.7,984.4,457,3.39,3.18,234985.5
323,2420.0,2330.0,2510.0,133.76,984.4,463,3.37,3.13,232480.5
324,2430.0,2340.0,2520.0,134.26,984.4,472,3.39,3.14,229500.4
325,2440.0,2350.0,2530.0,133.64,984.4,479,3.38,3.16,227439.7
326,2450.0,2360.0,2540.0,134.21,984.4,479,3.39,3.14,226956.6
327,2460.0,2370.0,2550.0,131.52,696.2,487,3.34,3.07,224556.9
328,2470.0,2380.0,2560.0,132.36,696.2,500,3.34,3.03,224302.5
329,2480.0,2390.0,2570.0,134.34,696.2,498,3.37,3.07,222978.8
330,2490.0,2400.0,2580.0,135.89,696.2,508,3.39,3.06,226259.6
331,2500.0,2410.0,2590.0,137.76,696.2,493,3.42,3.08,224811.2
332,2510.0,2420.0,2600.0,138.63,696.2,508,3.44,3.1,225795.9
333,2520.0,2430.0,2610.0,136.77,650.7,508,3.41,3.07,223614.5
334,2530.0,2440.0,2620.0,140.65,650.7,492,3.48,3.13,226791.8
335,2540.0,2450.0,2630.0,140.83,650.7,490,3.45,3.08,231272.1
336,2550.0,2460.0,2640.0,140.94,650.7,469,3.47,3.09,233249.2
337,2560.0,2470.0,2650.0,137.18,645.9,468,3.41,3.06,228451.6
338,2570.0,2480.0,2660.0,136.62,645.9,460,3.41,3.08,225552.4
339,2580.0,2490.0,2670.0,136.36,645.9,453,3.42,3.11,224171.5
340,2590.0,2500.0,2680.0,137.15,645.9,440,3.42,3.1,225366.0
341,2600.0,2510.0,2690.0,136.11,645.9,436,3.43,3.1,222795.6
342,2610.0,2520.0,2700.0,135.66,645.9,431,3.42,3.07,221687.6
343,2620.0,2530.0,2710.0,136.37,645.9,417,3.41,3.04,225036.6
344,2630.0,2540.0,2720.0,137.43,1003.3,405,3.42,3.02,228303.0
345,2640.0,2550.0,2730.0,138.09,1003.3,388,3.44,3.05,230606.6
346,2650.0,2560.0,2740.0,137.21,1003.3,366,3.47,3.09,228220.0
347,2660.0,2570.0,2750.0,133.19,1003.3,362,3.39,3.02,227732.6
348,2670.0,2580.0,2760.0,130.58,1003.3,346,3.35,3.01,224427.5
349,2680.0,2590.0,2770.0,130.19,1003.3,345,3.36,3.09,226782.4
350,2690.0,2600.0,2780.0,132.07,1003.3,343,3.37,3.07,228355.7
351,2700.0,2610.0,2790.0,132.46,1003.3,340,3.35,3.06,230922.4
352,2710.0,2620.0,2800.0,132.57,1003.3,352,3.31,3.04,232924.1
353,2720.0,2630.0,2810.0,132.84,1003.3,356,3.32,3.06,226816.3
354,2730.0,2640.0,2820.0,133.83,1003.3,377,3.3,3.05,230455.3
355,2740.0,2650.0,2830.0,133.59,1003.3,364,3.31,3.05,229874.6
356,2750.0,2660.0,2840.0,133.47,1003.3,369,3.29,2.99,229919.2
357,2760.0,2670.0,2850.0,134.45,1003.3,367,3.28,3.01,231020.7
358,2770.0,2680.0,2860.0,135.63,1003.3,366,3.3,3.09,234897.3
359,2780.0,2690.0,2870.0,138.51,1003.3,368,3.31,3.18,240451.7
360,2790.0,2700.0,2880.0,137.57,1003.3,366,3.33,3.2,240131.6
361,2800.0,2710.0,2890.0,135.23,1003.3,396,3.32,3.15,237577.0
362,2810.0,2720.0,2900.0,132.46,639.3,399,3.32,3.18,231230.1
363,2820.0,2730.0,2910.0,133.89,639.3,413,3.33,3.19,231213.2
364,2830.0,2740.0,2920.0,135.11,639.3,434,3.32,3.2,237068.9
365,2840.0,2750.0,2930.0,136.04,639.3,434,3.35,3.23,236870.8
366,2850.0,2760.0,2940.0,137.84,639.3,449,3.36,3.23,239149.3
367,2860.0,2770.0,2950.0,137.01,639.3,467,3.33,3.17,237158.2
368,2870.0,2780.0,2960.0,136.03,639.3,464,3.31,3.19,238077.3
369,2880.0,2790.0,2970.0,136.67,639.3,473,3.33,3.25,237730.4
370,2890.0,2800.0,2980.0,135.47,549.4,464,3.33,3.27,233781.6
371,2900.0,2810.0,2990.0,134.79,549.4,468,3.31,3.28,237694.8
372,2910.0,2820.0,3000.0,135.6,549.4,447,3.32,3.29,238622.7
373,2920.0,2830.0,3010.0,136.6,549.4,443,3.34,3.3,239392.5
374,2930.0,2840.0,3020.0,136.59,498.0,432,3.34,3.3,240215.6
375,2940.0,2850.0,3030.0,135.0,498.0,442,3.31,3.28,238970.4
376,2950.0,2860.0,3040.0,133.51,498.0,436,3.29,3.22,236099.8
377,2960.0,2870.0,3050.0,131.47,498.0,443,3.24,3.15,235712.1
378,2970.0,2880.0,3060.0,131.54,498.0,447,3.24,3.13,236409.1
379,2980.0,2890.0,3070.0,133.15,527.0,431,3.26,3.16,238364.7
380,2990.0,2900.0,3080.0,131.06,527.0,441,3.22,3.1,236851.9
381,3000.0,2910.0,3090.0,129.54,527.0,427,3.19,3.08,236585.8
382,3010.0,2920.0,3100.0,127.86,527.0,430,3.16,3.02,232136.0
383,3020.0,2930.0,3110.0,128.35,567.7,427,3.16,2.99,233435.5
384,3030.0,2940.0,3120.0,129.29,567.7,427,3.2,3.04,234284.4
385,3040.0,2950.0,3130.0,129.22,605.9,432,3.23,3.03,231427.4
386,3050.0,2960.0,3140.0,126.25,605.9,441,3.18,2.97,230030.1
387,3060.0,2970.0,3150.0,126.35,605.9,460,3.17,2.93,232167.4
388,3070.0,2980.0,3160.0,125.24,605.9,452,3.16,2.88,230762.1
389,3080.0,2990.0,3170.0,125.66,605.9,450,3.2,2.87,226060.3
390,3090.0,3000.0,3180.0,126.8,605.9,455,3.21,2.9,228529.3
391,3100.0,3010.0,3190.0,128.18,647.3,468,3.24,2.94,226485.0
392,3110.0,3020.0,3200.0,129.52,647.3,475,3.24,2.98,227114.8
393,3120.0,3030.0,3210.0,130.67,647.3,477,3.26,2.96,227186.7
394,3130.0,3040.0,3220.0,131.95,647.3,487,3.28,2.98,228217.9
395,3140.0,3050.0,3230.0,130.96,647.3,485,3.3,2.97,225741.7
396,3150.0,3060.0,3240.0,131.44,647.3,476,3.28,2.98,225310.9
397,3160.0,3070.0,3250.0,131.23,647.3,476,3.27,2.97,224960.9
398,3170.0,3080.0,3260.0,131.61,647.3,462,3.28,3.0,224777.4
399,3180.0,3090.0,3270.0,135.71,647.3,483,3.34,3.03,227105.3
400,3190.0,3100.0,3280.0,136.84,647.3,472,3.37,3.09,229494.4
401,3200.0,3110.0,3290.0,135.68,647.3,466,3.36,3.1,228264.8
402,3210.0,3120.0,3300.0,133.6,647.3,448,3.3,3.04,225220.1
403,3220.0,3130.0,3310.0,132.58,647.3,437,3.27,3.03,226568.9
404,3230.0,3140.0,3320.0,134.33,647.3,425,3.31,3.02,226490.1
405,3240.0,3150.0,3330.0,133.75,647.3,395,3.31,3.03,223815.7
406,3250.0,3160.0,3340.0,133.63,647.3,424,3.31,3.06,222372.5
407,3260.0,3170.0,3350.0,137.5,665.0,433,3.32,3.09,230227.7
408,3270.0,3180.0,3360.0,136.35,665.0,435,3.28,3.04,226804.7
409,3280.0,3190.0,3370.0,134.56,665.0,427,3.25,3.0,228059.2
410,3290.0,3200.0,3380.0,133.92,665.0,431,3.22,3.0,229566.3
411,3300.0,3210.0,3390.0,133.9,665.0,422,3.24,3.02,229947.4
412,3310.0,3220.0,3400.0,132.84,665.0,424,3.24,3.03,227796.9
413,3320.0,3230.0,3410.0,132.39,665.0,419,3.21,3.01,226832.6
414,3330.0,3240.0,3420.0,132.12,665.0,423,3.21,2.99,229399.4
415,3340.0,3250.0,3430.0,130.59,665.0,429,3.19,2.98,226134.3
416,3350.0,3260.0,3440.0,133.21,680.9,440,3.2,2.97,231114.6
417,3360.0,3270.0,3450.0,129.66,680.9,418,3.14,2.93,228457.2
418,3370.0,3280.0,3460.0,129.53,680.9,418,3.15,2.93,223689.7
419,3380.0,3290.0,3470.0,130.77,680.9,433,3.15,2.95,224448.5
420,3390.0,3300.0,3480.0,128.97,680.9,438,3.12,2.9,224220.9
421,3400.0,3310.0,3490.0,128.95,680.9,438,3.12,2.89,223499.1
422,3410.0,3320.0,3500.0,129.12,747.2,453,3.13,2.95,221087.2
423,3420.0,3330.0,3510.0,129.8,747.2,468,3.12,2.93,222677.9
424,3430.0,3340.0,3520.0,129.7,747.2,443,3.1,2.91,224132.5
425,3440.0,3350.0,3530.0,124.7,747.2,432,3.08,2.89,216825.8
426,3450.0,3360.0,3540.0,122.95,747.2,427,3.09,2.89,216148.8
427,3460.0,3370.0,3550.0,122.74,747.2,433,3.09,2.87,215146.8
428,3470.0,3380.0,3560.0,121.12,747.2,430,3.08,2.83,211889.1
429,3480.0,3390.0,3570.0,120.5,747.2,440,3.04,2.82,212818.1
430,3490.0,3400.0,3580.0,120.63,747.2,428,3.03,2.81,214733.4
431,3500.0,3410.0,3590.0,122.9,747.2,421,3.05,2.84,217809.8
432,3510.0,3420.0,3600.0,124.87,747.2,432,3.08,2.84,216754.9
