,p1_center,p1_sigma,p2_amplitude,p2_center,p2_sigma,tmean,tstart,tstop,kinetics
-585.0,0.559,0.1267,0.1258,0.902,0.0875,-585.0,-600,-570,0.1258
-575.0,0.559,0.1267,0.1367,0.902,0.0875,-575.0,-590,-560,0.1367
-565.0,0.559,0.1267,0.1609,0.902,0.0875,-565.0,-580,-550,0.1609
-555.0,0.559,0.1267,0.2044,0.902,0.0875,-555.0,-570,-540,0.2044
-545.0,0.559,0.1267,0.1832,0.902,0.0875,-545.0,-560,-530,0.1832
-535.0,0.559,0.1267,0.153,0.902,0.0875,-535.0,-550,-520,0.153
-525.0,0.559,0.1267,0.1287,0.902,0.0875,-525.0,-540,-510,0.1287
-515.0,0.559,0.1267,0.3409,0.902,0.0875,-515.0,-530,-500,0.3409
-505.0,0.559,0.1267,0.3821,0.902,0.0875,-505.0,-520,-490,0.3821
-495.0,0.559,0.1267,0.4104,0.902,0.0875,-495.0,-510,-480,0.4104
-485.0,0.559,0.1267,0.2928,0.902,0.0875,-485.0,-500,-470,0.2928
-475.0,0.559,0.1267,0.2668,0.902,0.0875,-475.0,-490,-460,0.2668
-465.0,0.559,0.1267,0.0951,0.902,0.0875,-465.0,-480,-450,0.0951
-455.0,0.559,0.1267,0.135,0.902,0.0875,-455.0,-470,-440,0.135
-445.0,0.559,0.1267,0.0713,0.902,0.0875,-445.0,-460,-430,0.0713
-435.0,0.559,0.1267,0.1396,0.902,0.0875,-435.0,-450,-420,0.1396
-425.0,0.559,0.1267,0.2215,0.902,0.0875,-425.0,-440,-410,0.2215
-415.0,0.559,0.1267,0.3456,0.902,0.0875,-415.0,-430,-400,0.3456
-405.0,0.559,0.1267,0.3721,0.902,0.0875,-405.0,-420,-390,0.3721
-395.0,0.559,0.1267,0.3853,0.902,0.0875,-395.0,-410,-380,0.3853
-385.0,0.559,0.1267,0.2988,0.902,0.0875,-385.0,-400,-370,0.2988
-375.0,0.559,0.1267,0.2145,0.902,0.0875,-375.0,-390,-360,0.2145
-365.0,0.559,0.1267,0.0543,0.902,0.0875,-365.0,-380,-350,0.0543
-355.0,0.559,0.1267,0.01,0.902,0.0875,-355.0,-370,-340,0.01
-345.0,0.559,0.1267,0.1075,0.902,0.0875,-345.0,-360,-330,0.1075
-335.0,0.559,0.1267,0.1918,0.902,0.0875,-335.0,-350,-320,0.1918
-325.0,0.559,0.1267,0.2029,0.902,0.0875,-325.0,-340,-310,0.2029
-315.0,0.559,0.1267,0.147,0.902,0.0875,-315.0,-330,-300,0.147
-305.0,0.559,0.1267,0.0552,0.902,0.0875,-305.0,-320,-290,0.0552
-295.0,0.559,0.1267,0.0598,0.902,0.0875,-295.0,-310,-280,0.0598
-285.0,0.559,0.1267,0.0327,0.902,0.0875,-285.0,-300,-270,0.0327
-275.0,0.559,0.1267,0.105,0.902,0.0875,-275.0,-290,-260,0.105
-265.0,0.559,0.1267,0.0893,0.902,0.0875,-265.0,-280,-250,0.0893
-255.0,0.559,0.1267,0.0955,0.902,0.0875,-255.0,-270,-240,0.0955
-245.0,0.559,0.1267,0.1216,0.902,0.0875,-245.0,-260,-230,0.1216
-235.0,0.559,0.1267,0.1216,0.902,0.0875,-235.0,-250,-220,0.1216
-225.0,0.559,0.1267,0.2732,0.902,0.0875,-225.0,-240,-210,0.2732
-215.0,0.559,0.1267,0.2517,0.902,0.0875,-215.0,-230,-200,0.2517
-205.0,0.559,0.1267,0.3371,0.902,0.0875,-205.0,-220,-190,0.3371
-195.0,0.559,0.1267,0.2587,0.902,0.0875,-195.0,-210,-180,0.2587
-185.0,0.559,0.1267,0.284,0.902,0.0875,-185.0,-200,-170,0.284
-175.0,0.559,0.1267,0.3105,0.902,0.0875,-175.0,-190,-160,0.3105
-165.0,0.559,0.1267,0.2312,0.902,0.0875,-165.0,-180,-150,0.2312
-155.0,0.559,0.1267,0.2072,0.902,0.0875,-155.0,-170,-140,0.2072
-145.0,0.559,0.1267,0.1306,0.902,0.0875,-145.0,-160,-130,0.1306
-135.0,0.559,0.1267,0.2112,0.902,0.0875,-135.0,-150,-120,0.2112
-125.0,0.559,0.1267,0.2532,0.902,0.0875,-125.0,-140,-110,0.2532
-115.0,0.559,0.1267,0.1969,0.902,0.0875,-115.0,-130,-100,0.1969
-105.0,0.559,0.1267,0.2337,0.902,0.0875,-105.0,-120,-90,0.2337
-95.0,0.559,0.1267,0.2932,0.902,0.0875,-95.0,-110,-80,0.2932
-85.0,0.559,0.1267,0.3789,0.902,0.0875,-85.0,-100,-70,0.3789
-75.0,0.559,0.1267,0.283,0.902,0.0875,-75.0,-90,-60,0.283
-65.0,0.559,0.1267,0.1783,0.902,0.0875,-65.0,-80,-50,0.1783
-55.0,0.559,0.1267,0.1846,0.902,0.0875,-55.0,-70,-40,0.1846
-45.0,0.559,0.1267,0.1984,0.902,0.0875,-45.0,-60,-30,0.1984
-35.0,0.559,0.1267,0.1036,0.902,0.0875,-35.0,-50,-20,0.1036
-25.0,0.559,0.1267,0.0454,0.902,0.0875,-25.0,-40,-10,0.0454
-15.0,0.559,0.1267,0.0828,0.902,0.0875,-15.0,-30,0,0.0828
-5.0,0.559,0.1267,0.1465,0.902,0.0875,-5.0,-20,10,0.1465
5.0,0.559,0.1267,0.2858,0.902,0.0875,5.0,-10,20,0.2858
15.0,0.559,0.1267,0.147,0.902,0.0875,15.0,0,30,0.147
25.0,0.559,0.1267,0.3564,0.902,0.0875,25.0,10,40,0.3564
35.0,0.559,0.1267,0.2931,0.902,0.0875,35.0,20,50,0.2931
45.0,0.559,0.1267,0.385,0.902,0.0875,45.0,30,60,0.385
55.0,0.559,0.1267,0.3337,0.902,0.0875,55.0,40,70,0.3337
65.0,0.559,0.1267,0.4591,0.902,0.0875,65.0,50,80,0.4591
75.0,0.559,0.1267,0.5428,0.902,0.0875,75.0,60,90,0.5428
85.0,0.559,0.1267,0.6836,0.902,0.0875,85.0,70,100,0.6836
95.0,0.559,0.1267,0.6252,0.902,0.0875,95.0,80,110,0.6252
105.0,0.559,0.1267,0.6515,0.902,0.0875,105.0,90,120,0.6515
115.0,0.559,0.1267,0.4101,0.902,0.0875,115.0,100,130,0.4101
125.0,0.559,0.1267,0.4185,0.902,0.0875,125.0,110,140,0.4185
135.0,0.559,0.1267,0.4814,0.902,0.0875,135.0,120,150,0.4814
145.0,0.559,0.1267,0.5418,0.902,0.0875,145.0,130,160,0.5418
155.0,0.559,0.1267,0.5942,0.902,0.0875,155.0,140,170,0.5942
165.0,0.559,0.1267,0.4641,0.902,0.0875,165.0,150,180,0.4641
175.0,0.559,0.1267,0.4959,0.902,0.0875,175.0,160,190,0.4959
185.0,0.559,0.1267,0.4859,0.902,0.0875,185.0,170,200,0.4859
195.0,0.559,0.1267,0.6492,0.902,0.0875,195.0,180,210,0.6492
205.0,0.559,0.1267,0.6177,0.902,0.0875,205.0,190,220,0.6177
215.0,0.559,0.1267,0.5814,0.902,0.0875,215.0,200,230,0.5814
225.0,0.559,0.1267,0.6642,0.902,0.0875,225.0,210,240,0.6642
235.0,0.559,0.1267,0.515,0.902,0.0875,235.0,220,250,0.515
245.0,0.559,0.1267,0.5419,0.902,0.0875,245.0,230,260,0.5419
255.0,0.559,0.1267,0.2738,0.902,0.0875,255.0,240,270,0.2738
265.0,0.559,0.1267,0.491,0.902,0.0875,265.0,250,280,0.491
275.0,0.559,0.1267,0.5493,0.902,0.0875,275.0,260,290,0.5493
285.0,0.559,0.1267,0.7067,0.902,0.0875,285.0,270,300,0.7067
295.0,0.559,0.1267,0.7456,0.902,0.0875,295.0,280,310,0.7456
305.0,0.559,0.1267,0.7384,0.902,0.0875,305.0,290,320,0.7384
315.0,0.559,0.1267,0.6735,0.902,0.0875,315.0,300,330,0.6735
325.0,0.559,0.1267,0.5701,0.902,0.0875,325.0,310,340,0.5701
335.0,0.559,0.1267,0.5676,0.902,0.0875,335.0,320,350,0.5676
345.0,0.559,0.1267,0.6182,0.902,0.0875,345.0,330,360,0.6182
355.0,0.559,0.1267,0.8153,0.902,0.0875,355.0,340,370,0.8153
365.0,0.559,0.1267,0.6359,0.902,0.0875,365.0,350,380,0.6359
375.0,0.559,0.1267,0.5781,0.902,0.0875,375.0,360,390,0.5781
385.0,0.559,0.1267,0.5003,0.902,0.0875,385.0,370,400,0.5003
395.0,0.559,0.1267,0.6924,0.902,0.0875,395.0,380,410,0.6924
405.0,0.559,0.1267,0.5783,0.902,0.0875,405.0,390,420,0.5783
415.0,0.559,0.1267,0.4392,0.902,0.0875,415.0,400,430,0.4392
425.0,0.559,0.1267,0.321,0.902,0.0875,425.0,410,440,0.321
435.0,0.559,0.1267,0.4193,0.902,0.0875,435.0,420,450,0.4193
445.0,0.559,0.1267,0.5106,0.902,0.0875,445.0,430,460,0.5106
455.0,0.559,0.1267,0.6589,0.902,0.0875,455.0,440,470,0.6589
465.0,0.559,0.1267,0.6023,0.902,0.0875,465.0,450,480,0.6023
475.0,0.559,0.1267,0.746,0.902,0.0875,475.0,460,490,0.746
485.0,0.559,0.1267,0.7195,0.902,0.0875,485.0,470,500,0.7195
495.0,0.559,0.1267,0.8459,0.902,0.0875,495.0,480,510,0.8459
505.0,0.559,0.1267,0.5903,0.902,0.0875,505.0,490,520,0.5903
515.0,0.559,0.1267,0.5282,0.902,0.0875,515.0,500,530,0.5282
525.0,0.559,0.1267,0.5363,0.902,0.0875,525.0,510,540,0.5363
535.0,0.559,0.1267,0.6096,0.902,0.0875,535.0,520,550,0.6096
545.0,0.559,0.1267,0.5657,0.902,0.0875,545.0,530,560,0.5657
555.0,0.559,0.1267,0.4934,0.902,0.0875,555.0,540,570,0.4934
565.0,0.559,0.1267,0.4587,0.902,0.0875,565.0,550,580,0.4587
575.0,0.559,0.1267,0.5408,0.902,0.0875,575.0,560,590,0.5408
585.0,0.559,0.1267,0.5832,0.902,0.0875,585.0,570,600,0.5832
595.0,0.559,0.1267,0.4584,0.902,0.0875,595.0,580,610,0.4584
605.0,0.559,0.1267,0.393,0.902,0.0875,605.0,590,620,0.393
615.0,0.559,0.1267,0.4169,0.902,0.0875,615.0,600,630,0.4169
625.0,0.559,0.1267,0.6514,0.902,0.0875,625.0,610,640,0.6514
635.0,0.559,0.1267,0.7758,0.902,0.0875,635.0,620,650,0.7758
645.0,0.559,0.1267,0.7304,0.902,0.0875,645.0,630,660,0.7304
655.0,0.559,0.1267,0.7375,0.902,0.0875,655.0,640,670,0.7375
665.0,0.559,0.1267,0.6491,0.902,0.0875,665.0,650,680,0.6491
675.0,0.559,0.1267,0.7892,0.902,0.0875,675.0,660,690,0.7892
685.0,0.559,0.1267,0.7487,0.902,0.0875,685.0,670,700,0.7487
695.0,0.559,0.1267,0.7604,0.902,0.0875,695.0,680,710,0.7604
705.0,0.559,0.1267,0.6615,0.902,0.0875,705.0,690,720,0.6615
715.0,0.559,0.1267,0.5397,0.902,0.0875,715.0,700,730,0.5397
725.0,0.559,0.1267,0.5764,0.902,0.0875,725.0,710,740,0.5764
735.0,0.559,0.1267,0.7259,0.902,0.0875,735.0,720,750,0.7259
745.0,0.559,0.1267,0.8465,0.902,0.0875,745.0,730,760,0.8465
755.0,0.559,0.1267,0.8638,0.902,0.0875,755.0,740,770,0.8638
765.0,0.559,0.1267,0.8755,0.902,0.0875,765.0,750,780,0.8755
775.0,0.559,0.1267,0.9776,0.902,0.0875,775.0,760,790,0.9776
785.0,0.559,0.1267,0.9127,0.902,0.0875,785.0,770,800,0.9127
795.0,0.559,0.1267,0.7518,0.902,0.0875,795.0,780,810,0.7518
805.0,0.559,0.1267,0.4283,0.902,0.0875,805.0,790,820,0.4283
815.0,0.559,0.1267,0.4826,0.902,0.0875,815.0,800,830,0.4826
825.0,0.559,0.1267,0.5681,0.902,0.0875,825.0,810,840,0.5681
835.0,0.559,0.1267,0.7052,0.902,0.0875,835.0,820,850,0.7052
845.0,0.559,0.1267,0.7114,0.902,0.0875,845.0,830,860,0.7114
855.0,0.559,0.1267,0.5929,0.902,0.0875,855.0,840,870,0.5929
865.0,0.559,0.1267,0.6822,0.902,0.0875,865.0,850,880,0.6822
875.0,0.559,0.1267,0.5372,0.902,0.0875,875.0,860,890,0.5372
885.0,0.559,0.1267,0.4376,0.902,0.0875,885.0,870,900,0.4376
895.0,0.559,0.1267,0.4236,0.902,0.0875,895.0,880,910,0.4236
905.0,0.559,0.1267,0.589,0.902,0.0875,905.0,890,920,0.589
915.0,0.559,0.1267,0.5857,0.902,0.0875,915.0,900,930,0.5857
925.0,0.559,0.1267,0.6436,0.902,0.0875,925.0,910,940,0.6436
935.0,0.559,0.1267,0.6165,0.902,0.0875,935.0,920,950,0.6165
945.0,0.559,0.1267,0.6446,0.902,0.0875,945.0,930,960,0.6446
955.0,0.559,0.1267,0.6505,0.902,0.0875,955.0,940,970,0.6505
965.0,0.559,0.1267,0.6956,0.902,0.0875,965.0,950,980,0.6956
975.0,0.559,0.1267,0.6665,0.902,0.0875,975.0,960,990,0.6665
985.0,0.559,0.1267,0.6527,0.902,0.0875,985.0,970,1000,0.6527
995.0,0.559,0.1267,0.5817,0.902,0.0875,995.0,980,1010,0.5817
1005.0,0.559,0.1267,0.6304,0.902,0.0875,1005.0,990,1020,0.6304
1015.0,0.559,0.1267,0.6989,0.902,0.0875,1015.0,1000,1030,0.6989
1025.0,0.559,0.1267,0.6141,0.902,0.0875,1025.0,1010,1040,0.6141
1035.0,0.559,0.1267,0.5256,0.902,0.0875,1035.0,1020,1050,0.5256
1045.0,0.559,0.1267,0.4625,0.902,0.0875,1045.0,1030,1060,0.4625
1055.0,0.559,0.1267,0.4773,0.902,0.0875,1055.0,1040,1070,0.4773
1065.0,0.559,0.1267,0.7046,0.902,0.0875,1065.0,1050,1080,0.7046
1075.0,0.559,0.1267,0.6387,0.902,0.0875,1075.0,1060,1090,0.6387
1085.0,0.559,0.1267,0.6472,0.902,0.0875,1085.0,1070,1100,0.6472
1095.0,0.559,0.1267,0.5717,0.902,0.0875,1095.0,1080,1110,0.5717
1105.0,0.559,0.1267,0.4783,0.902,0.0875,1105.0,1090,1120,0.4783
1115.0,0.559,0.1267,0.4095,0.902,0.0875,1115.0,1100,1130,0.4095
1125.0,0.559,0.1267,0.4518,0.902,0.0875,1125.0,1110,1140,0.4518
1135.0,0.559,0.1267,0.5078,0.902,0.0875,1135.0,1120,1150,0.5078
1145.0,0.559,0.1267,0.509,0.902,0.0875,1145.0,1130,1160,0.509
1155.0,0.559,0.1267,0.3354,0.902,0.0875,1155.0,1140,1170,0.3354
1165.0,0.559,0.1267,0.5519,0.902,0.0875,1165.0,1150,1180,0.5519
1175.0,0.559,0.1267,0.5274,0.902,0.0875,1175.0,1160,1190,0.5274
1185.0,0.559,0.1267,0.5991,0.902,0.0875,1185.0,1170,1200,0.5991
1195.0,0.559,0.1267,0.555,0.902,0.0875,1195.0,1180,1210,0.555
1205.0,0.559,0.1267,0.6682,0.902,0.0875,1205.0,1190,1220,0.6682
1215.0,0.559,0.1267,0.6986,0.902,0.0875,1215.0,1200,1230,0.6986
1225.0,0.559,0.1267,0.629,0.902,0.0875,1225.0,1210,1240,0.629
1235.0,0.559,0.1267,0.5464,0.902,0.0875,1235.0,1220,1250,0.5464
1245.0,0.559,0.1267,0.4196,0.902,0.0875,1245.0,1230,1260,0.4196
1255.0,0.559,0.1267,0.4668,0.902,0.0875,1255.0,1240,1270,0.4668
1265.0,0.559,0.1267,0.5719,0.902,0.0875,1265.0,1250,1280,0.5719
1275.0,0.559,0.1267,0.6802,0.902,0.0875,1275.0,1260,1290,0.6802
1285.0,0.559,0.1267,0.5339,0.902,0.0875,1285.0,1270,1300,0.5339
1295.0,0.559,0.1267,0.4524,0.902,0.0875,1295.0,1280,1310,0.4524
1305.0,0.559,0.1267,0.5482,0.902,0.0875,1305.0,1290,1320,0.5482
1315.0,0.559,0.1267,0.5783,0.902,0.0875,1315.0,1300,1330,0.5783
1325.0,0.559,0.1267,0.5667,0.902,0.0875,1325.0,1310,1340,0.5667
1335.0,0.559,0.1267,0.6162,0.902,0.0875,1335.0,1320,1350,0.6162
1345.0,0.559,0.1267,0.724,0.902,0.0875,1345.0,1330,1360,0.724
1355.0,0.559,0.1267,0.8293,0.902,0.0875,1355.0,1340,1370,0.8293
1365.0,0.559,0.1267,0.8511,0.902,0.0875,1365.0,1350,1380,0.8511
1375.0,0.559,0.1267,0.8468,0.902,0.0875,1375.0,1360,1390,0.8468
1385.0,0.559,0.1267,0.795,0.902,0.0875,1385.0,1370,1400,0.795
1395.0,0.559,0.1267,0.7016,0.902,0.0875,1395.0,1380,1410,0.7016
1405.0,0.559,0.1267,0.6278,0.902,0.0875,1405.0,1390,1420,0.6278
1415.0,0.559,0.1267,0.5784,0.902,0.0875,1415.0,1400,1430,0.5784
1425.0,0.559,0.1267,0.5876,0.902,0.0875,1425.0,1410,1440,0.5876
1435.0,0.559,0.1267,0.6742,0.902,0.0875,1435.0,1420,1450,0.6742
1445.0,0.559,0.1267,0.6319,0.902,0.0875,1445.0,1430,1460,0.6319
1455.0,0.559,0.1267,0.5394,0.902,0.0875,1455.0,1440,1470,0.5394
1465.0,0.559,0.1267,0.4995,0.902,0.0875,1465.0,1450,1480,0.4995
1475.0,0.559,0.1267,0.6203,0.902,0.0875,1475.0,1460,1490,0.6203
1485.0,0.559,0.1267,0.8247,0.902,0.0875,1485.0,1470,1500,0.8247
1495.0,0.559,0.1267,0.806,0.902,0.0875,1495.0,1480,1510,0.806
1505.0,0.559,0.1267,0.8489,0.902,0.0875,1505.0,1490,1520,0.8489
1515.0,0.559,0.1267,0.73,0.902,0.0875,1515.0,1500,1530,0.73
1525.0,0.559,0.1267,0.7275,0.902,0.0875,1525.0,1510,1540,0.7275
1535.0,0.559,0.1267,0.7487,0.902,0.0875,1535.0,1520,1550,0.7487
1545.0,0.559,0.1267,0.7112,0.902,0.0875,1545.0,1530,1560,0.7112
1555.0,0.559,0.1267,0.6602,0.902,0.0875,1555.0,1540,1570,0.6602
1565.0,0.559,0.1267,0.5074,0.902,0.0875,1565.0,1550,1580,0.5074
1575.0,0.559,0.1267,0.5373,0.902,0.0875,1575.0,1560,1590,0.5373
1585.0,0.559,0.1267,0.5345,0.902,0.0875,1585.0,1570,1600,0.5345
1595.0,0.559,0.1267,0.6441,0.902,0.0875,1595.0,1580,1610,0.6441
1605.0,0.559,0.1267,0.604,0.902,0.0875,1605.0,1590,1620,0.604
1615.0,0.559,0.1267,0.704,0.902,0.0875,1615.0,1600,1630,0.704
1625.0,0.559,0.1267,0.6691,0.902,0.0875,1625.0,1610,1640,0.6691
1635.0,0.559,0.1267,0.6008,0.902,0.0875,1635.0,1620,1650,0.6008
1645.0,0.559,0.1267,0.4343,0.902,0.0875,1645.0,1630,1660,0.4343
1655.0,0.559,0.1267,0.4663,0.902,0.0875,1655.0,1640,1670,0.4663
1665.0,0.559,0.1267,0.6021,0.902,0.0875,1665.0,1650,1680,0.6021
1675.0,0.559,0.1267,0.5695,0.902,0.0875,1675.0,1660,1690,0.5695
1685.0,0.559,0.1267,0.5069,0.902,0.0875,1685.0,1670,1700,0.5069
1695.0,0.559,0.1267,0.4745,0.902,0.0875,1695.0,1680,1710,0.4745
1705.0,0.559,0.1267,0.5776,0.902,0.0875,1705.0,1690,1720,0.5776
1715.0,0.559,0.1267,0.6322,0.902,0.0875,1715.0,1700,1730,0.6322
1725.0,0.559,0.1267,0.6163,0.902,0.0875,1725.0,1710,1740,0.6163
1735.0,0.559,0.1267,0.4473,0.902,0.0875,1735.0,1720,1750,0.4473
1745.0,0.559,0.1267,0.3108,0.902,0.0875,1745.0,1730,1760,0.3108
1755.0,0.559,0.1267,0.3872,0.902,0.0875,1755.0,1740,1770,0.3872
1765.0,0.559,0.1267,0.4559,0.902,0.0875,1765.0,1750,1780,0.4559
1775.0,0.559,0.1267,0.497,0.902,0.0875,1775.0,1760,1790,0.497
1785.0,0.559,0.1267,0.6486,0.902,0.0875,1785.0,1770,1800,0.6486
1795.0,0.559,0.1267,0.682,0.902,0.0875,1795.0,1780,1810,0.682
1805.0,0.559,0.1267,0.7605,0.902,0.0875,1805.0,1790,1820,0.7605
1815.0,0.559,0.1267,0.7537,0.902,0.0875,1815.0,1800,1830,0.7537
1825.0,0.559,0.1267,0.6368,0.902,0.0875,1825.0,1810,1840,0.6368
1835.0,0.559,0.1267,0.6521,0.902,0.0875,1835.0,1820,1850,0.6521
1845.0,0.559,0.1267,0.5538,0.902,0.0875,1845.0,1830,1860,0.5538
1855.0,0.559,0.1267,0.6852,0.902,0.0875,1855.0,1840,1870,0.6852
1865.0,0.559,0.1267,0.5828,0.902,0.0875,1865.0,1850,1880,0.5828
1875.0,0.559,0.1267,0.5622,0.902,0.0875,1875.0,1860,1890,0.5622
1885.0,0.559,0.1267,0.6185,0.902,0.0875,1885.0,1870,1900,0.6185
1895.0,0.559,0.1267,0.6314,0.902,0.0875,1895.0,1880,1910,0.6314
1905.0,0.559,0.1267,0.6887,0.902,0.0875,1905.0,1890,1920,0.6887
1915.0,0.559,0.1267,0.7618,0.902,0.0875,1915.0,1900,1930,0.7618
1925.0,0.559,0.1267,0.767,0.902,0.0875,1925.0,1910,1940,0.767
1935.0,0.559,0.1267,0.8077,0.902,0.0875,1935.0,1920,1950,0.8077
1945.0,0.559,0.1267,0.5723,0.902,0.0875,1945.0,1930,1960,0.5723
1955.0,0.559,0.1267,0.6775,0.902,0.0875,1955.0,1940,1970,0.6775
1965.0,0.559,0.1267,0.6248,0.902,0.0875,1965.0,1950,1980,0.6248
1975.0,0.559,0.1267,0.779,0.902,0.0875,1975.0,1960,1990,0.779
1985.0,0.559,0.1267,0.7185,0.902,0.0875,1985.0,1970,2000,0.7185
1995.0,0.559,0.1267,0.7138,0.902,0.0875,1995.0,1980,2010,0.7138
2005.0,0.559,0.1267,0.6828,0.902,0.0875,2005.0,1990,2020,0.6828
2015.0,0.559,0.1267,0.5482,0.902,0.0875,2015.0,2000,2030,0.5482
2025.0,0.559,0.1267,0.5947,0.902,0.0875,2025.0,2010,2040,0.5947
2035.0,0.559,0.1267,0.5259,0.902,0.0875,2035.0,2020,2050,0.5259
2045.0,0.559,0.1267,0.622,0.902,0.0875,2045.0,2030,2060,0.622
2055.0,0.559,0.1267,0.645,0.902,0.0875,2055.0,2040,2070,0.645
2065.0,0.559,0.1267,0.7883,0.902,0.0875,2065.0,2050,2080,0.7883
2075.0,0.559,0.1267,0.9223,0.902,0.0875,2075.0,2060,2090,0.9223
2085.0,0.559,0.1267,0.8162,0.902,0.0875,2085.0,2070,2100,0.8162
2095.0,0.559,0.1267,0.6472,0.902,0.0875,2095.0,2080,2110,0.6472
2105.0,0.559,0.1267,0.4779,0.902,0.0875,2105.0,2090,2120,0.4779
2115.0,0.559,0.1267,0.4956,0.902,0.0875,2115.0,2100,2130,0.4956
2125.0,0.559,0.1267,0.5636,0.902,0.0875,2125.0,2110,2140,0.5636
2135.0,0.559,0.1267,0.4674,0.902,0.0875,2135.0,2120,2150,0.4674
2145.0,0.559,0.1267,0.7008,0.902,0.0875,2145.0,2130,2160,0.7008
2155.0,0.559,0.1267,0.6778,0.902,0.0875,2155.0,2140,2170,0.6778
2165.0,0.559,0.1267,0.7516,0.902,0.0875,2165.0,2150,2180,0.7516
2175.0,0.559,0.1267,0.6321,0.902,0.0875,2175.0,2160,2190,0.6321
2185.0,0.559,0.1267,0.7186,0.902,0.0875,2185.0,2170,2200,0.7186
2195.0,0.559,0.1267,0.7201,0.902,0.0875,2195.0,2180,2210,0.7201
2205.0,0.559,0.1267,0.5996,0.902,0.0875,2205.0,2190,2220,0.5996
2215.0,0.559,0.1267,0.5905,0.902,0.0875,2215.0,2200,2230,0.5905
2225.0,0.559,0.1267,0.4945,0.902,0.0875,2225.0,2210,2240,0.4945
2235.0,0.559,0.1267,0.5511,0.902,0.0875,2235.0,2220,2250,0.5511
2245.0,0.559,0.1267,0.6141,0.902,0.0875,2245.0,2230,2260,0.6141
2255.0,0.559,0.1267,0.5412,0.902,0.0875,2255.0,2240,2270,0.5412
2265.0,0.559,0.1267,0.6057,0.902,0.0875,2265.0,2250,2280,0.6057
2275.0,0.559,0.1267,0.4453,0.902,0.0875,2275.0,2260,2290,0.4453
2285.0,0.559,0.1267,0.6373,0.902,0.0875,2285.0,2270,2300,0.6373
2295.0,0.559,0.1267,0.482,0.902,0.0875,2295.0,2280,2310,0.482
2305.0,0.559,0.1267,0.4435,0.902,0.0875,2305.0,2290,2320,0.4435
2315.0,0.559,0.1267,0.365,0.902,0.0875,2315.0,2300,2330,0.365
2325.0,0.559,0.1267,0.6327,0.902,0.0875,2325.0,2310,2340,0.6327
2335.0,0.559,0.1267,0.6828,0.902,0.0875,2335.0,2320,2350,0.6828
2345.0,0.559,0.1267,0.8232,0.902,0.0875,2345.0,2330,2360,0.8232
2355.0,0.559,0.1267,0.7472,0.902,0.0875,2355.0,2340,2370,0.7472
2365.0,0.559,0.1267,0.7003,0.902,0.0875,2365.0,2350,2380,0.7003
2375.0,0.559,0.1267,0.6286,0.902,0.0875,2375.0,2360,2390,0.6286
2385.0,0.559,0.1267,0.7376,0.902,0.0875,2385.0,2370,2400,0.7376
2395.0,0.559,0.1267,0.8938,0.902,0.0875,2395.0,2380,2410,0.8938
2405.0,0.559,0.1267,0.8126,0.902,0.0875,2405.0,2390,2420,0.8126
2415.0,0.559,0.1267,0.7407,0.902,0.0875,2415.0,2400,2430,0.7407
2425.0,0.559,0.1267,0.6324,0.902,0.0875,2425.0,2410,2440,0.6324
2435.0,0.559,0.1267,0.7099,0.902,0.0875,2435.0,2420,2450,0.7099
2445.0,0.559,0.1267,0.6937,0.902,0.0875,2445.0,2430,2460,0.6937
2455.0,0.559,0.1267,0.7032,0.902,0.0875,2455.0,2440,2470,0.7032
2465.0,0.559,0.1267,0.6944,0.902,0.0875,2465.0,2450,2480,0.6944
2475.0,0.559,0.1267,0.7755,0.902,0.0875,2475.0,2460,2490,0.7755
2485.0,0.559,0.1267,0.7416,0.902,0.0875,2485.0,2470,2500,0.7416
2495.0,0.559,0.1267,0.7631,0.902,0.0875,2495.0,2480,2510,0.7631
2505.0,0.559,0.1267,0.6518,0.902,0.0875,2505.0,2490,2520,0.6518
2515.0,0.559,0.1267,0.6409,0.902,0.0875,2515.0,2500,2530,0.6409
2525.0,0.559,0.1267,0.7299,0.902,0.0875,2525.0,2510,2540,0.7299
2535.0,0.559,0.1267,0.8472,0.902,0.0875,2535.0,2520,2550,0.8472
2545.0,0.559,0.1267,0.8492,0.902,0.0875,2545.0,2530,2560,0.8492
2555.0,0.559,0.1267,0.7407,0.902,0.0875,2555.0,2540,2570,0.7407
2565.0,0.559,0.1267,0.7133,0.902,0.0875,2565.0,2550,2580,0.7133
2575.0,0.559,0.1267,0.7868,0.902,0.0875,2575.0,2560,2590,0.7868
2585.0,0.559,0.1267,0.7915,0.902,0.0875,2585.0,2570,2600,0.7915
2595.0,0.559,0.1267,0.8232,0.902,0.0875,2595.0,2580,2610,0.8232
2605.0,0.559,0.1267,0.6746,0.902,0.0875,2605.0,2590,2620,0.6746
2615.0,0.559,0.1267,0.7082,0.902,0.0875,2615.0,2600,2630,0.7082
2625.0,0.559,0.1267,0.6265,0.902,0.0875,2625.0,2610,2640,0.6265
2635.0,0.559,0.1267,0.6173,0.902,0.0875,2635.0,2620,2650,0.6173
2645.0,0.559,0.1267,0.3253,0.902,0.0875,2645.0,2630,2660,0.3253
2655.0,0.559,0.1267,0.4271,0.902,0.0875,2655.0,2640,2670,0.4271
2665.0,0.559,0.1267,0.4289,0.902,0.0875,2665.0,2650,2680,0.4289
2675.0,0.559,0.1267,0.5366,0.902,0.0875,2675.0,2660,2690,0.5366
2685.0,0.559,0.1267,0.5772,0.902,0.0875,2685.0,2670,2700,0.5772
2695.0,0.559,0.1267,0.6052,0.902,0.0875,2695.0,2680,2710,0.6052
2705.0,0.559,0.1267,0.8204,0.902,0.0875,2705.0,2690,2720,0.8204
2715.0,0.559,0.1267,0.762,0.902,0.0875,2715.0,2700,2730,0.762
2725.0,0.559,0.1267,0.8373,0.902,0.0875,2725.0,2710,2740,0.8373
2735.0,0.559,0.1267,0.7021,0.902,0.0875,2735.0,2720,2750,0.7021
2745.0,0.559,0.1267,0.7809,0.902,0.0875,2745.0,2730,2760,0.7809
2755.0,0.559,0.1267,0.6869,0.902,0.0875,2755.0,2740,2770,0.6869
2765.0,0.559,0.1267,0.7503,0.902,0.0875,2765.0,2750,2780,0.7503
2775.0,0.559,0.1267,0.6167,0.902,0.0875,2775.0,2760,2790,0.6167
2785.0,0.559,0.1267,0.6374,0.902,0.0875,2785.0,2770,2800,0.6374
2795.0,0.559,0.1267,0.5768,0.902,0.0875,2795.0,2780,2810,0.5768
2805.0,0.559,0.1267,0.6507,0.902,0.0875,2805.0,2790,2820,0.6507
2815.0,0.559,0.1267,0.6428,0.902,0.0875,2815.0,2800,2830,0.6428
2825.0,0.559,0.1267,0.5898,0.902,0.0875,2825.0,2810,2840,0.5898
2835.0,0.559,0.1267,0.5432,0.902,0.0875,2835.0,2820,2850,0.5432
2845.0,0.559,0.1267,0.4843,0.902,0.0875,2845.0,2830,2860,0.4843
2855.0,0.559,0.1267,0.4715,0.902,0.0875,2855.0,2840,2870,0.4715
2865.0,0.559,0.1267,0.4377,0.902,0.0875,2865.0,2850,2880,0.4377
2875.0,0.559,0.1267,0.4072,0.902,0.0875,2875.0,2860,2890,0.4072
2885.0,0.559,0.1267,0.6458,0.902,0.0875,2885.0,2870,2900,0.6458
2895.0,0.559,0.1267,0.9016,0.902,0.0875,2895.0,2880,2910,0.9016
2905.0,0.559,0.1267,0.9045,0.902,0.0875,2905.0,2890,2920,0.9045
2915.0,0.559,0.1267,0.7736,0.902,0.0875,2915.0,2900,2930,0.7736
2925.0,0.559,0.1267,0.6908,0.902,0.0875,2925.0,2910,2940,0.6908
2935.0,0.559,0.1267,0.6393,0.902,0.0875,2935.0,2920,2950,0.6393
2945.0,0.559,0.1267,0.5803,0.902,0.0875,2945.0,2930,2960,0.5803
2955.0,0.559,0.1267,0.6205,0.902,0.0875,2955.0,2940,2970,0.6205
2965.0,0.559,0.1267,0.6477,0.902,0.0875,2965.0,2950,2980,0.6477
2975.0,0.559,0.1267,0.6937,0.902,0.0875,2975.0,2960,2990,0.6937
2985.0,0.559,0.1267,0.61,0.902,0.0875,2985.0,2970,3000,0.61
2995.0,0.559,0.1267,0.5874,0.902,0.0875,2995.0,2980,3010,0.5874
3005.0,0.559,0.1267,0.6243,0.902,0.0875,3005.0,2990,3020,0.6243
3015.0,0.559,0.1267,0.6687,0.902,0.0875,3015.0,3000,3030,0.6687
3025.0,0.559,0.1267,0.7537,0.902,0.0875,3025.0,3010,3040,0.7537
3035.0,0.559,0.1267,0.8273,0.902,0.0875,3035.0,3020,3050,0.8273
3045.0,0.559,0.1267,0.8806,0.902,0.0875,3045.0,3030,3060,0.8806
3055.0,0.559,0.1267,0.7961,0.902,0.0875,3055.0,3040,3070,0.7961
3065.0,0.559,0.1267,0.6397,0.902,0.0875,3065.0,3050,3080,0.6397
3075.0,0.559,0.1267,0.606,0.902,0.0875,3075.0,3060,3090,0.606
3085.0,0.559,0.1267,0.5651,0.902,0.0875,3085.0,3070,3100,0.5651
3095.0,0.559,0.1267,0.4972,0.902,0.0875,3095.0,3080,3110,0.4972
3105.0,0.559,0.1267,0.4619,0.902,0.0875,3105.0,3090,3120,0.4619
3115.0,0.559,0.1267,0.4893,0.902,0.0875,3115.0,3100,3130,0.4893
3125.0,0.559,0.1267,0.5075,0.902,0.0875,3125.0,3110,3140,0.5075
3135.0,0.559,0.1267,0.5713,0.902,0.0875,3135.0,3120,3150,0.5713
3145.0,0.559,0.1267,0.5997,0.902,0.0875,3145.0,3130,3160,0.5997
3155.0,0.559,0.1267,0.7018,0.902,0.0875,3155.0,3140,3170,0.7018
3165.0,0.559,0.1267,0.5792,0.902,0.0875,3165.0,3150,3180,0.5792
3175.0,0.559,0.1267,0.5749,0.902,0.0875,3175.0,3160,3190,0.5749
3185.0,0.559,0.1267,0.5874,0.902,0.0875,3185.0,3170,3200,0.5874
3195.0,0.559,0.1267,0.5989,0.902,0.0875,3195.0,3180,3210,0.5989
3205.0,0.559,0.1267,0.6053,0.902,0.0875,3205.0,3190,3220,0.6053
3215.0,0.559,0.1267,0.4037,0.902,0.0875,3215.0,3200,3230,0.4037
3225.0,0.559,0.1267,0.518,0.902,0.0875,3225.0,3210,3240,0.518
3235.0,0.559,0.1267,0.4851,0.902,0.0875,3235.0,3220,3250,0.4851
3245.0,0.559,0.1267,0.4821,0.902,0.0875,3245.0,3230,3260,0.4821
3255.0,0.559,0.1267,0.4035,0.902,0.0875,3255.0,3240,3270,0.4035
3265.0,0.559,0.1267,0.336,0.902,0.0875,3265.0,3250,3280,0.336
3275.0,0.559,0.1267,0.5884,0.902,0.0875,3275.0,3260,3290,0.5884
3285.0,0.559,0.1267,0.8059,0.902,0.0875,3285.0,3270,3300,0.8059
3295.0,0.559,0.1267,0.8072,0.902,0.0875,3295.0,3280,3310,0.8072
3305.0,0.559,0.1267,0.6533,0.902,0.0875,3305.0,3290,3320,0.6533
3315.0,0.559,0.1267,0.6682,0.902,0.0875,3315.0,3300,3330,0.6682
3325.0,0.559,0.1267,0.7126,0.902,0.0875,3325.0,3310,3340,0.7126
3335.0,0.559,0.1267,0.8093,0.902,0.0875,3335.0,3320,3350,0.8093
3345.0,0.559,0.1267,0.5535,0.902,0.0875,3345.0,3330,3360,0.5535
3355.0,0.559,0.1267,0.5851,0.902,0.0875,3355.0,3340,3370,0.5851
3365.0,0.559,0.1267,0.5998,0.902,0.0875,3365.0,3350,3380,0.5998
3375.0,0.559,0.1267,0.6536,0.902,0.0875,3375.0,3360,3390,0.6536
3385.0,0.559,0.1267,0.6183,0.902,0.0875,3385.0,3370,3400,0.6183
3395.0,0.559,0.1267,0.5451,0.902,0.0875,3395.0,3380,3410,0.5451
3405.0,0.559,0.1267,0.7028,0.902,0.0875,3405.0,3390,3420,0.7028
3415.0,0.559,0.1267,0.7668,0.902,0.0875,3415.0,3400,3430,0.7668
3425.0,0.559,0.1267,0.6838,0.902,0.0875,3425.0,3410,3440,0.6838
3435.0,0.559,0.1267,0.6393,0.902,0.0875,3435.0,3420,3450,0.6393
3445.0,0.559,0.1267,0.6469,0.902,0.0875,3445.0,3430,3460,0.6469
3455.0,0.559,0.1267,0.77,0.902,0.0875,3455.0,3440,3470,0.77
3465.0,0.559,0.1267,0.6941,0.902,0.0875,3465.0,3450,3480,0.6941
3475.0,0.559,0.1267,0.5199,0.902,0.0875,3475.0,3460,3490,0.5199
3485.0,0.559,0.1267,0.5385,0.902,0.0875,3485.0,3470,3500,0.5385
3495.0,0.559,0.1267,0.5085,0.902,0.0875,3495.0,3480,3510,0.5085
3505.0,0.559,0.1267,0.6047,0.902,0.0875,3505.0,3490,3520,0.6047
3515.0,0.559,0.1267,0.6039,0.902,0.0875,3515.0,3500,3530,0.6039
3525.0,0.559,0.1267,0.7861,0.902,0.0875,3525.0,3510,3540,0.7861
3535.0,0.559,0.1267,0.6827,0.902,0.0875,3535.0,3520,3550,0.6827
3545.0,0.559,0.1267,0.6619,0.902,0.0875,3545.0,3530,3560,0.6619
3555.0,0.559,0.1267,0.464,0.902,0.0875,3555.0,3540,3570,0.464
3565.0,0.559,0.1267,0.6137,0.902,0.0875,3565.0,3550,3580,0.6137
3575.0,0.559,0.1267,0.5867,0.902,0.0875,3575.0,3560,3590,0.5867
